{"cameraMode":{"drawMode":0,"name":"Shaded","section":"Shading Mode"},"sceneLighting":true,"audioPlay":false,"sceneViewState":{"m_AlwaysRefresh":false,"showFog":true,"showSkybox":true,"showFlares":true,"showImageEffects":true,"showParticleSystems":true,"showVisualEffectGraphs":true,"m_FxEnabled":true},"in2DMode":false,"pivot":{"x":126.42466735839844,"y":159.0117645263672,"z":-84.09477996826172},"rotation":{"x":-0.04228411987423897,"y":0.024573227390646936,"z":-0.0010416103759780527,"w":-0.9988068342208862},"size":15.720998764038086,"orthographic":false}