{"cameraMode":{"drawMode":0,"name":"Shaded","section":"Shading Mode"},"sceneLighting":false,"audioPlay":false,"sceneViewState":{"m_AlwaysRefresh":false,"showFog":false,"showSkybox":false,"showFlares":true,"showImageEffects":true,"showParticleSystems":true,"showVisualEffectGraphs":true,"m_FxEnabled":true},"in2DMode":false,"pivot":{"x":0.22091089189052583,"y":-0.04197901859879494,"z":-0.3064883053302765},"rotation":{"x":-0.07106085121631623,"y":0.22492292523384095,"z":-0.041157688945531848,"w":-0.970912516117096},"size":1.0628604888916016,"orthographic":false}